
-- Create GadgetSales database
CREATE DATABASE GadgetSales;

-- Use GadgetSales database
USE GadgetSales;

-- Create Customer table
CREATE TABLE Customer (
  customer_id INT PRIMARY KEY,
  name VARCHAR(50),
  email VARCHAR(50),
  phone VARCHAR(20)
);

-- Create Product table
CREATE TABLE Product (
  product_id INT PRIMARY KEY,
  name VARCHAR(50),
  price DECIMAL(10,2)
);

-- Create Order table
CREATE TABLE Orders (
  order_id INT PRIMARY KEY,
  customer_id INT,
  order_date DATE,
  FOREIGN KEY (customer_id) REFERENCES Customer(customer_id)
);

-- Create OrderItem table
CREATE TABLE OrderItem (
  order_item_id INT PRIMARY KEY,
  order_id INT,
  product_id INT,
  quantity INT,
  FOREIGN KEY (order_id) REFERENCES Orders(order_id),
  FOREIGN KEY (product_id) REFERENCES Product(product_id)
);


-- Insert Data into Customer table
INSERT Customer VALUES (1, 'John Smith', 'john.smith@example.com', '555-1234'),
 (2, 'Jane Doe', 'jane.doe@example.com', '555-5678'),
 (3, 'Bob Johnson', 'bob.johnson@example.com', '555-9101'),
 (4, 'Alice Brown', 'alice.brown@example.com', '555-1212'),
 (5, 'Mike Lee', 'mike.lee@example.com', '555-1313'),
 (6, 'Sara Kim', 'sara.kim@example.com', '555-1414'),
 (7, 'Tommy Baker', 'tommy.baker@example.com', '555-1515'),
 (8, 'Jessica Taylor', 'jessica.taylor@example.com', '555-1616'),
 (9, 'David Chen', 'david.chen@example.com', '555-1717'),
 (10, 'Emily Wong', 'emily.wong@example.com', '555-1818'),
 (11, 'Brian Davis', 'brian.davis@example.com', '555-1919'),
 (12, 'Karen Wilson', 'karen.wilson@example.com', '555-2020'),
 (13, 'Erica Brown', 'erica.brown@example.com', '555-2121'),
 (14, 'Jonathan Lee', 'jonathan.lee@example.com', '555-2222'),
 (15, 'Maria Rodriguez', 'maria.rodriguez@example.com', '555-2323'),
 (16, 'Daniel Kim', 'daniel.kim@example.com', '555-2424'),
 (17, 'Michelle Smith', 'michelle.smith@example.com', '555-2525'),
 (18, 'Steven Davis', 'steven.davis@example.com', '555-2626'),
 (19, 'Lauren Lee', 'lauren.lee@example.com', '555-2727'),
 (20, 'Andrew Chen', 'andrew.chen@example.com', '555-2828'),
 (21, 'Melissa Taylor', 'melissa.taylor@example.com', '555-2929'),
 (22, 'Adam Kim', 'adam.kim@example.com', '555-3030'),
 (23, 'Natalie Wilson', 'natalie.wilson@example.com', '555-3131'),
 (24, 'William Brown', 'william.brown@example.com', '555-3232'),
 (25, 'Amanda Lee', 'amanda.lee@example.com', '555-3333'),
 (26, 'Joshua Davis', 'joshua.davis@example.com', '555-3434'),
 (27, 'Ashley Chen', 'ashley.chen@example.com', '555-3535'),
 (28, 'Kevin Smith', 'kevin.smith@example.com', '555-3636'),
 (29, 'Olivia Kim', 'olivia.kim@example.com', '555-3737'),
 (30, 'Christopher Taylor', 'christopher.taylor@example.com', '555-3838'),
 (31, 'Rachel Brown', 'rachel.brown@example.com', '555-3939'),
 (32, 'Justin Lee', 'justin.lee@example.com', '555-4040'),
 (33, 'Rebecca Davis', 'rebecca.davis@example.com', '555-4040'),
 (34, 'Jacob Chen', 'jacob.chen@example.com', '555-4141'),
 (35, 'Megan Smith', 'megan.smith@example.com', '555-4242'),
 (36, 'Isabella Kim', 'isabella.kim@example.com', '555-4343'),
 (37, 'Nicholas Taylor', 'nicholas.taylor@example.com', '555-4444'),
 (38, 'Avery Brown', 'avery.brown@example.com', '555-4545'),
 (39, 'Emma Lee', 'emma.lee@example.com', '555-4646'),
 (40, 'Jacob Davis', 'jacob.davis@example.com', '555-4747'),
 (41, 'Grace Chen', 'grace.chen@example.com', '555-4848'),
 (42, 'Ethan Smith', 'ethan.smith@example.com', '555-4949'),
 (43, 'Madison Kim', 'madison.kim@example.com', '555-5050'),
 (44, 'Tyler Taylor', 'tyler.taylor@example.com', '555-5151'),
 (45, 'Sophia Brow', 'sophia.brown@example.com', '555-5252'),
 (46, 'Elijah Lee', 'elijah.lee@example.com', '555-5353'),
 (47, 'Ava Davis', 'ava.davis@example.com', '555-5454'),
 (48, 'Logan Che', 'logan.chen@example.com', '555-5555'),
 (49, 'Chloe Smith', 'chloe.smith@example.com', '555-5656'),
 (50, 'Caleb Kim', 'caleb.kim@example.com', '555-5757'),
 (51, 'Audrey Taylor', 'audrey.taylor@example.com', '555-5858'),
 (52, 'Gabriel Brow', 'gabriel.brown@example.com', '555-5959'),
 (53, 'Natalie Lee', 'natalie.lee@example.com', '555-6060'),
 (54, 'Owen Davis', 'owen.davis@example.com', '555-6161'),
 (55, 'Avery Chen', 'avery.chen@example.com', '555-6262'),
 (56, 'Evelyn Smith', 'evelyn.smith@example.com', '555-6363'),
 (57, 'Noah Kim', 'noah.kim@example.com', '555-6464'),
 (58, 'Aaliyah Taylor', 'aaliyah.taylor@example.com', '555-6565'),
 (59, 'Wyatt Brown', 'wyatt.brown@example.com', '555-6666'),
 (60, 'Bella Lee', 'bella.lee@example.com', '555-6767'),
 (61, 'Alexander Davis', 'alexander.davis@example.com', '555-6868'),
 (62, 'Aria Chen', 'aria.chen@example.com', '555-6969'),
 (63, 'Liam Smith', 'liam.smith@example.com', '555-7070'),
 (64, 'Zoe Kim', 'zoe.kim@example.com', '555-7171');

-- Insert into Orders table
 INSERT Orders VALUES
 (1, 42, '2022-12-25'),
 (2, 49, '2022-05-16'),
 (3, 3, '2022-04-14'),
 (4, 13, '2022-04-14'),
 (5, 17, '2022-01-11'),
 (6, 6, '2022-01-06'),
 (7, 47, '2022-04-30'),
 (8, 30, '2022-01-14'),
 (9, 48, '2022-10-24'),
 (10, 60, '2022-09-06'),
 (11, 14, '2022-01-22'),
 (12, 18, '2022-08-22'),
 (13, 52, '2022-09-18'),
 (14, 23, '2022-01-08'),
 (15, 4, '2022-12-30'),
 (16, 43, '2022-07-14'),
 (17, 27, '2022-10-15'),
 (18, 4, '2022-10-03'),
 (19, 54, '2022-11-17'),
 (20, 56, '2022-04-28'),
 (21, 7, '2022-09-20'),
 (22, 32, '2022-08-18'),
 (23, 60, '2022-08-13'),
 (24, 21, '2022-11-23'),
 (25, 36, '2022-12-18'),
 (26, 9, '2022-07-27'),
 (27, 48, '2022-04-23'),
 (28, 49, '2022-06-30'),
 (29, 57, '2022-05-06'),
 (30, 35, '2022-03-30'),
 (31, 35, '2022-03-03'),
 (32, 12, '2022-06-04'),
 (33, 39, '2022-11-01'),
 (34, 11, '2022-11-29'),
 (35, 30, '2022-08-30'),
 (36, 5, '2022-12-07'),
 (37, 37, '2022-04-08'),
 (38, 44, '2022-05-03'),
 (39, 36, '2022-10-02'),
 (40, 34, '2022-04-29'),
 (41, 16, '2022-03-09'),
 (42, 49, '2022-03-19'),
 (43, 24, '2022-05-05'),
 (44, 38, '2022-04-19'),
 (45, 28, '2022-02-21'),
 (46, 18, '2022-01-18'),
 (47, 6, '2022-07-28'),
 (48, 16, '2022-01-13'),
 (49, 8, '2022-09-09'),
 (50, 43, '2022-11-17'),
 (51, 30, '2022-03-31'),
 (52, 57, '2022-08-23'),
 (53, 10, '2022-12-30'),
 (54, 57, '2022-07-02'),
 (55, 29, '2022-09-04'),
 (56, 64, '2022-10-29'),
 (57, 37, '2022-03-10'),
 (58, 10, '2022-01-26'),
 (59, 25, '2022-07-22'),
 (60, 21, '2022-06-13'),
 (61, 59, '2022-08-28'),
 (62, 55, '2022-09-30'),
 (63, 21, '2022-11-06'),
 (64, 47, '2022-12-08'),
 (65, 31, '2022-06-30'),
 (66, 15, '2022-11-17'),
 (67, 7, '2022-03-31'),
 (68, 42, '2022-12-22'),
 (69, 1, '2022-09-04'),
 (70, 18, '2022-04-28'),
 (71, 38, '2022-08-06'),
 (72, 3, '2022-01-30'),
 (73, 10, '2022-11-04'),
 (74, 36, '2022-09-03'),
 (75, 34, '2022-03-20'),
 (76, 58, '2022-11-20'),
 (77, 4, '2022-01-01'),
 (78, 12, '2022-01-23'),
 (79, 20, '2022-02-06'),
 (80, 12, '2022-06-08'),
 (81, 4, '2022-09-07'),
 (82, 43, '2022-12-24'),
 (83, 23, '2022-07-24'),
 (84, 5, '2022-12-02'),
 (85, 24, '2022-10-17'),
 (86, 46, '2022-12-29'),
 (87, 36, '2022-04-18'),
 (88, 37, '2022-02-07'),
 (89, 7, '2022-08-03'),
 (90, 48, '2022-05-13'),
 (91, 18, '2022-11-18'),
 (92, 20, '2022-12-04'),
 (93, 29, '2022-11-26'),
 (94, 28, '2022-02-21'),
 (95, 11, '2022-07-06'),
 (96, 7, '2022-02-08'),
 (97, 20, '2022-10-18'),
 (98, 22, '2022-03-16'),
 (99, 39, '2022-01-12'),
 (100, 64, '2022-07-22'),
 (101, 50, '2022-07-13'),
 (102, 60, '2022-10-04'),
 (103, 37, '2022-02-24'),
 (104, 24, '2022-02-03'),
 (105, 41, '2022-12-18'),
 (106, 29, '2022-08-28'),
 (107, 8, '2022-04-14'),
 (108, 3, '2022-07-25'),
 (109, 5, '2022-11-06'),
 (110, 5, '2022-11-02'),
 (111, 29, '2022-03-24'),
 (112, 35, '2022-07-24'),
 (113, 13, '2022-08-10'),
 (114, 49, '2022-10-13'),
 (115, 58, '2022-08-14'),
 (116, 64, '2022-11-09'),
 (117, 20, '2022-05-10'),
 (118, 25, '2022-03-25'),
 (119, 39, '2022-08-05'),
 (120, 55, '2022-02-12'),
 (121, 28, '2022-11-28'),
 (122, 17, '2022-09-07'),
 (123, 21, '2022-04-27'),
 (124, 40, '2022-02-28'),
 (125, 36, '2022-05-05'),
 (126, 59, '2022-05-12'),
 (127, 6, '2022-11-18'),
 (128, 58, '2022-01-26'),
 (129, 7, '2022-12-20'),
 (130, 17, '2022-01-20'),
 (131, 10, '2022-10-28'),
 (132, 1, '2022-06-02'),
 (133, 48, '2022-03-20'),
 (134, 45, '2022-06-20'),
 (135, 30, '2022-12-26'),
 (136, 22, '2022-12-19'),
 (137, 2, '2022-03-17'),
 (138, 5, '2022-06-12'),
 (139, 4, '2022-07-10'),
 (140, 20, '2022-10-14'),
 (141, 52, '2022-08-18'),
 (142, 23, '2022-06-21'),
 (143, 48, '2022-04-18'),
 (144, 41, '2022-12-27'),
 (145, 38, '2022-05-20'),
 (146, 39, '2022-05-22'),
 (147, 33, '2022-05-11'),
 (148, 57, '2022-01-16'),
 (149, 56, '2022-09-07'),
 (150, 19, '2022-08-17');



-- Insert into Product table
 INSERT Product VALUES (1, 'iPhone 13', 999.00 ),
 (2, 'Samsung Galaxy S21', 799.99 ),
 (3, 'ogle Pixel 6', 899.00 ),
 (4, 'iPad Pro', 1099.00 ),
 (5, 'Microsoft Surface Laptop 4', 1199.00 ),
 (6, 'Dell XPS 13', 999.99 ),
 (7, 'HP Spectre x360', 1199.00 ),
 (8, 'Lenovo ThinkPad X1 Carbon', 1599.99 ),
 (9, 'Logitech MX Master 3', 99.99 ),
 (10, 'Bose QuietComfort 35 II', 299.00 ),
 (11, 'Sony WH-1000XM4', 349.99 ),
 (12, 'Apple AirPods Pro', 249.00 ),
 (13, 'Samsung Galaxy Watch 4', 249.99 ),
 (14, 'Fitbit Versa 3', 229.95 ),
 (15, 'Garmin Venu 2', 399.99 ),
 (16, 'Pro HERO10 Black', 499.99 ),
 (17, 'Canon EOS R6', 2499.00 ),
 (18, 'Sony Alpha a7 III', 1999.99 ),
 (19, 'Nikon Z6 II', 1999.00 ),
 (20, 'LG OLED C1 Series', 1999.99 ),
 (21, 'Samsung QN90A Series', 1999.99 ),
 (22, 'Sony X90J Series', 1399.99 ),
 (23, 'TCL 6-Series', 849.99 ),
 (24, 'Vizio M-Series', 649.99 ),
 (25, 'Sonos Beam', 449.00 ),
 (26, 'Apple HomePod mini', 99.00 ),
 (27, 'Amazon Echo Dot (4th Gen),', 49.99 ),
 (28, 'ogle Nest Audio', 99.99 ),
 (29, 'Phillips Hue White and Color Ambiance', 199.99 ),
 (30, 'Roku Ultra', 99.99 );


-- Insert into Orderitem table
INSERT OrderItem VALUES (1, 1, 1, 5),
 (2, 1, 4, 25),
 (3, 1, 11, 12),
 (4, 1, 17, 8),
 (5, 1, 19, 10),
 (6, 1, 21, 6),
 (7, 1, 24, 30),
 (8, 1, 25, 20),
 (9, 1, 29, 21),
 (10, 2, 2, 5),
 (11, 2, 7, 60),
 (12, 2, 14, 9),
 (13, 2, 16, 40),
 (14, 2, 22, 25),
 (15, 2, 25, 10),
 (16, 2, 30, 18),
 (17, 3, 2, 15),
 (18, 3, 3, 6),
 (19, 3, 13, 56),
 (20, 3, 17, 6),
 (21, 3, 23, 60),
 (22, 4, 1, 4),
 (23, 4, 2, 5),
 (24, 4, 11, 15),
 (25, 4, 16, 14),
 (26, 4, 18, 10),
 (27, 4, 22, 24),
 (28, 5, 4, 6),
 (29, 5, 10, 100),
 (30, 5, 13, 65),
 (31, 5, 16, 30),
 (32, 5, 20, 40),
 (33, 5, 23, 20),
 (34, 5, 24, 35),
 (35, 5, 26, 6),
 (36, 6, 1, 2),
 (37, 6, 3, 50),
 (38, 6, 14, 30),
 (39, 6, 16, 50),
 (40, 6, 19, 35),
 (41, 6, 24, 18),
 (42, 7, 1, 10),
 (43, 7, 2, 20),
 (44, 7, 16, 20),
 (45, 7, 21, 30),
 (46, 7, 24, 15),
 (47, 7, 28, 42),
 (48, 7, 29, 2),
 (49, 8, 2, 20),
 (50, 8, 3, 30),
 (51, 8, 8, 30),
 (52, 8, 11, 30),
 (53, 8, 16, 35),
 (54, 8, 26, 35),
 (55, 8, 29, 10),
 (56, 9, 5, 4),
 (57, 9, 7, 5),
 (58, 9, 27, 10),
 (59, 9, 28, 70),
 (60, 10, 8, 40),
 (61, 10, 14, 12),
 (62, 10, 21, 12),
 (63, 10, 24, 40),
 (64, 10, 27, 25),
 (65, 11, 2, 50),
 (66, 11, 5, 65),
 (67, 11, 7, 20),
 (68, 11, 19, 5),
 (69, 11, 24, 10),
 (70, 11, 30, 20),
 (71, 12, 17, 42),
 (72, 12, 18, 20),
 (73, 12, 19, 12),
 (74, 12, 21, 40),
 (75, 13, 11, 25),
 (76, 13, 14, 20),
 (77, 13, 19, 50),
 (78, 14, 1, 24),
 (79, 14, 10, 18),
 (80, 14, 21, 20),
 (81, 14, 23, 10),
 (82, 14, 26, 30),
 (83, 15, 2, 30),
 (84, 15, 5, 12),
 (85, 15, 7, 15),
 (86, 15, 17, 16),
 (87, 15, 19, 18),
 (88, 16, 10, 21),
 (89, 16, 16, 60),
 (90, 16, 17, 2),
 (91, 16, 24, 28),
 (92, 16, 30, 60),
 (93, 17, 2, 35),
 (94, 17, 11, 35),
 (95, 17, 18, 18),
 (96, 17, 19, 20),
 (97, 17, 21, 5),
 (98, 17, 24, 6),
 (99, 17, 30, 40),
 (100, 18, 3, 25),
 (101, 18, 17, 30),
 (102, 18, 21, 32),
 (103, 19, 2, 60),
 (104, 19, 10, 5),
 (105, 19, 12, 12),
 (106, 19, 16, 20),
 (107, 19, 18, 10),
 (108, 19, 26, 20),
 (109, 20, 1, 40), 
 (110, 20, 11, 10),
 (111, 20, 18, 12),
 (112, 20, 23, 50),
 (113, 20, 30, 3),
 (114, 21, 9, 20),
 (115, 21, 10, 24),
 (116, 21, 11, 15),
 (117, 21, 13, 2),
 (118, 21, 29, 10),
 (119, 22, 2, 11),
 (120, 22, 6, 50),
 (121, 22, 14, 11),
 (122, 22, 16, 12),
 (123, 22, 17, 16),
 (124, 22, 19, 4),
 (125, 22, 20, 15),
 (126, 22, 26, 63),
 (127, 23, 2, 3),
 (128, 23, 16, 12),
 (129, 23, 19, 35),
 (130, 23, 26, 2),
 (131, 24, 7, 4),
 (132, 24, 17, 18),
 (133, 24, 21, 20),
 (134, 24, 26, 15),
 (135, 24, 28, 3),
 (136, 25, 10, 10),
 (137, 25, 20, 6),
 (138, 25, 26, 12),
 (139, 26, 1, 10),
 (140, 26, 10, 24),
 (141, 26, 13, 20),
 (142, 26, 19, 25),
 (143, 27, 1, 10),
 (144, 27, 4, 25),
 (145, 27, 11, 5),
 (146, 27, 18, 8),
 (147, 28, 14, 35),
 (148, 28, 16, 30),
 (149, 28, 17, 20),
 (150, 28, 18, 25),
 (151, 28, 24, 12),
 (152, 29, 10, 15),
 (153, 29, 13, 10),
 (154, 29, 20, 20),
 (155, 29, 30, 15),
 (156, 30, 1, 50),
 (157, 30, 15, 10),
 (158, 30, 21, 30),
 (159, 30, 28, 20),
 (160, 31, 2, 100),
 (161, 31, 5, 70),
 (162, 31, 14, 15),
 (163, 31, 16, 15),
 (164, 31, 17, 45),
 (165, 31, 21, 50),
 (166, 31, 23, 30),
 (167, 31, 29, 60),
 (168, 32, 1, 45),
 (169, 32, 13, 80),
 (170, 32, 17, 50),
 (171, 32, 21, 40),
 (172, 32, 24, 21),
 (173, 33, 24, 12),
 (174, 33, 26, 10),
 (175, 34, 14, 16),
 (176, 34, 19, 1),
 (177, 34, 24, 6),
 (178, 34, 28, 20),
 (179, 34, 29, 10),
 (180, 35, 6, 30),
 (181, 35, 11, 6),
 (182, 35, 21, 40),
 (183, 35, 30, 15),
 (184, 36, 1, 10),
 (185, 36, 2, 10),
 (186, 36, 15, 20),
 (187, 36, 19, 18),
 (188, 36, 22, 12),
 (189, 36, 24, 12),
 (190, 37, 10, 70),
 (191, 37, 13, 7),
 (192, 37, 27, 15),
 (193, 38, 1, 45),
 (194, 38, 13, 4),
 (195, 38, 25, 5),
 (196, 38, 26, 6),
 (197, 39, 2, 20),
 (198, 39, 16, 3),
 (199, 39, 18, 40),
 (200, 39, 19, 15),
 (201, 40, 11, 40),
 (202, 40, 12, 15),
 (203, 40, 16, 16),
 (204, 40, 28, 20),
 (205, 41, 1, 20),
 (206, 41, 2, 45),
 (207, 41, 16, 49),
 (208, 41, 17, 15),
 (209, 41, 21, 20),
 (210, 41, 28, 5),
 (211, 41, 29, 24),
 (212, 42, 2, 15),
 (213, 42, 3, 30),
 (214, 42, 7, 10),
 (215, 42, 27, 50),
 (216, 42, 30, 15),
 (217, 43, 3, 20),
 (218, 43, 5, 20),
 (219, 43, 11, 30),
 (220, 43, 15, 25),
 (221, 43, 26, 5),
 (222, 43, 29, 15),
 (223, 44, 8, 30),
 (224, 44, 11, 6),
 (225, 44, 13, 20),
 (226, 44, 20, 21),
 (227, 44, 24, 10),
 (228, 44, 28, 12),
 (229, 44, 29, 24),
 (230, 44, 30, 35),
 (231, 45, 13, 28),
 (232, 45, 17, 10),
 (233, 45, 20, 20),
 (234, 45, 26, 15),
 (235, 46, 18, 12),
 (236, 46, 24, 10),
 (237, 47, 1, 18),
 (238, 47, 12, 20),
 (239, 47, 13, 6),
 (240, 47, 17, 15),
 (241, 47, 19, 12),
 (242, 47, 24, 20),
 (243, 48, 1, 25),
 (244, 48, 5, 30),
 (245, 48, 19, 40),
 (246, 48, 24, 35),
 (247, 48, 29, 80),
 (248, 48, 30, 36),
 (249, 49, 11, 12),
 (250, 49, 13, 5),
 (251, 49, 16, 30),
 (252, 49, 23, 44),
 (253, 49, 26, 6),
 (254, 49, 27, 50),
 (255, 50, 2, 10),
 (256, 50, 10, 14),
 (257, 50, 12, 4),
 (258, 51, 2, 40),
 (259, 51, 10, 20),
 (260, 51, 14, 5),
 (261, 52, 13, 60),
 (262, 52, 19, 15),
 (263, 52, 24, 10),
 (264, 52, 26, 12),
 (265, 52, 30, 30),
 (266, 53, 1, 8),
 (267, 53, 28, 15),
 (268, 54, 13, 40),
 (269, 54, 18, 35),
 (270, 54, 22, 48),
 (271, 55, 16, 20),
 (272, 55, 17, 40),
 (273, 55, 28, 28),
 (274, 56, 1, 20),
 (275, 56, 16, 30),
 (276, 56, 24, 15),
 (277, 56, 25, 15),
 (278, 57, 4, 20),
 (279, 57, 7, 40),
 (280, 57, 18, 21),
 (281, 57, 21, 40),
 (282, 58, 7, 45),
 (283, 58, 17, 100),
 (284, 58, 18, 25),
 (285, 58, 29, 25),
 (286, 59, 7, 20),
 (287, 59, 21, 3),
 (288, 59, 26, 20),
 (289, 59, 28, 30),
 (290, 59, 30, 10),
 (291, 60, 1, 3),
 (292, 60, 7, 12),
 (293, 60, 10, 10),
 (294, 60, 13, 30),
 (295, 60, 16, 15),
 (296, 60, 17, 12),
 (297, 60, 21, 6),
 (298, 61, 19, 12),
 (299, 61, 25, 12),
 (300, 61, 27, 40),
 (301, 62, 1, 10),
 (302, 62, 2, 10),
 (303, 62, 4, 20),
 (304, 62, 6, 30),
 (305, 62, 17, 12),
 (306, 62, 21, 40),
 (307, 62, 25, 35),
 (308, 62, 30, 28),
 (309, 63, 10, 70),
 (310, 63, 11, 40),
 (311, 63, 13, 1),
 (312, 63, 16, 10),
 (313, 63, 23, 21),
 (314, 63, 29, 60),
 (315, 64, 4, 30),
 (316, 64, 13, 8),
 (317, 64, 19, 21),
 (318, 64, 21, 40),
 (319, 64, 22, 6),
 (320, 64, 24, 20),
 (321, 65, 3, 20),
 (322, 65, 4, 16),
 (323, 65, 11, 14),
 (324, 65, 17, 77),
 (325, 65, 21, 8),
 (326, 65, 28, 4),
 (327, 66, 17, 10),
 (328, 66, 24, 25),
 (329, 66, 29, 18),
 (330, 66, 30, 4),
 (331, 67, 2, 40),
 (332, 67, 7, 35),
 (333, 67, 11, 10),
 (334, 67, 16, 6),
 (335, 67, 19, 42),
 (336, 68, 24, 28),
 (337, 68, 25, 12),
 (338, 68, 30, 1),
 (339, 69, 1, 60),
 (340, 69, 6, 70),
 (341, 69, 22, 4),
 (342, 69, 28, 8),
 (343, 69, 30, 8),
 (344, 70, 1, 20),
 (345, 70, 2, 40),
 (346, 70, 16, 35),
 (347, 70, 21, 42),
 (348, 70, 22, 40),
 (349, 70, 25, 24),
 (350, 71, 1, 40),
 (351, 71, 2, 20),
 (352, 71, 11, 15),
 (353, 71, 16, 30),
 (354, 71, 18, 30),
 (355, 71, 23, 15),
 (356, 71, 24, 5),
 (357, 72, 7, 30),
 (358, 72, 13, 10),
 (359, 72, 17, 8),
 (360, 72, 19, 5),
 (361, 72, 23, 10),
 (362, 72, 28, 14),
 (363, 73, 2, 20),
 (364, 73, 17, 15),
 (365, 73, 24, 35),
 (366, 73, 29, 18),
 (367, 74, 11, 10),
 (368, 74, 14, 21),
 (369, 74, 17, 33),
 (370, 74, 19, 15),
 (371, 74, 21, 25),
 (372, 74, 24, 3),
 (373, 75, 10, 20),
 (374, 75, 14, 12),
 (375, 75, 16, 14),
 (376, 75, 28, 18),
 (377, 75, 29, 6),
 (378, 76, 2, 10),
 (379, 76, 10, 6),
 (380, 76, 14, 3),
 (381, 76, 15, 5),
 (382, 76, 25, 4),
 (383, 77, 6, 20),
 (384, 77, 11, 2),
 (385, 77, 13, 10),
 (386, 77, 14, 20),
 (387, 77, 16, 21),
 (388, 77, 19, 7),
 (389, 78, 1, 15),
 (390, 78, 2, 24),
 (391, 78, 3, 4),
 (392, 78, 4, 1),
 (393, 78, 6, 1),
 (394, 78, 7, 1),
 (395, 78, 8, 2),
 (396, 78, 10, 1),
 (397, 78, 12, 2),
 (398, 78, 13, 4),
 (399, 78, 14, 9),
 (400, 78, 16, 2),
 (401, 78, 20, 1),
 (402, 78, 21, 21),
 (403, 78, 23, 2),
 (404, 79, 1, 25),
 (405, 79, 4, 24),
 (406, 79, 10, 20),
 (407, 80, 2, 25),
 (408, 80, 11, 50),
 (409, 80, 16, 20),
 (410, 80, 21, 60),
 (411, 80, 29, 20),
 (412, 80, 30, 35),
 (413, 81, 21, 36),
 (414, 81, 27, 25),
 (415, 82, 13, 42),
 (416, 82, 19, 10),
 (417, 82, 30, 8),
 (418, 83, 2, 30),
 (419, 83, 16, 30),
 (420, 83, 26, 50),
 (421, 84, 12, 36),
 (422, 84, 13, 13),
 (423, 84, 26, 35),
 (424, 85, 6, 20),
 (425, 85, 7, 35),
 (426, 85, 18, 50),
 (427, 85, 21, 14),
 (428, 86, 1, 21),
 (429, 86, 2, 20),
 (430, 86, 3, 20),
 (431, 86, 4, 10),
 (432, 86, 5, 15),
 (433, 86, 10, 10),
 (434, 86, 14, 10),
 (435, 86, 18, 4),
 (436, 86, 21, 10),
 (437, 86, 22, 40),
 (438, 86, 23, 8),
 (439, 87, 4, 25),
 (440, 87, 8, 30),
 (441, 87, 11, 5),
 (442, 87, 30, 15),
 (443, 88, 2, 15),
 (444, 88, 11, 10),
 (445, 88, 19, 5),
 (446, 88, 26, 30),
 (447, 88, 28, 8),
 (448, 88, 29, 20),
 (449, 89, 4, 18),
 (450, 89, 13, 20),
 (451, 89, 19, 50),
 (452, 90, 2, 10),
 (453, 90, 11, 15),
 (454, 90, 16, 18),
 (455, 90, 18, 8),
 (456, 90, 23, 40),
 (457, 90, 26, 24),
 (458, 91, 7, 8),
 (459, 91, 13, 20),
 (460, 91, 17, 20),
 (461, 91, 30, 15),
 (462, 92, 2, 50),
 (463, 92, 4, 10),
 (464, 92, 17, 70),
 (465, 92, 29, 14),
 (466, 93, 2, 10),
 (467, 93, 18, 20),
 (468, 93, 21, 30),
 (469, 93, 25, 60),
 (470, 94, 13, 15),
 (471, 94, 22, 21),
 (472, 94, 28, 15),
 (473, 95, 2, 24),
 (474, 95, 11, 5),
 (475, 95, 14, 15),
 (476, 95, 18, 4),
 (477, 96, 13, 20),
 (478, 96, 16, 65),
 (479, 96, 17, 35),
 (480, 96, 18, 20), 
 (481, 96, 23, 10),
 (482, 97, 1, 15),
 (483, 97, 4, 35),
 (484, 97, 8, 70),
 (485, 97, 10, 18),
 (486, 97, 24, 25),
 (487, 97, 26, 21),
 (488, 98, 8, 70),
 (489, 98, 11, 20),
 (490, 98, 19, 80),
 (491, 99, 17, 36),
 (492, 99, 22, 15),
 (493, 99, 24, 15),
 (494, 100, 6, 12),
 (495, 100, 10, 30),
 (496, 100, 13, 20),
 (497, 100, 17, 6),
 (498, 100, 24, 20),
 (499, 100, 25, 10),
 (500, 100, 28, 20),
 (501, 101, 1, 15),
 (502, 101, 4, 5),
 (503, 101, 11, 50),
 (504, 101, 15, 12),
 (505, 101, 23, 25),
 (506, 101, 28, 8),
 (507, 101, 30, 30),
 (508, 102, 17, 40),
 (509, 102, 19, 12),
 (510, 102, 22, 20),
 (511, 102, 29, 20),
 (512, 103, 6, 16),
 (513, 103, 28, 2),
 (514, 103, 30, 2),
 (515, 104, 14, 70),
 (516, 104, 16, 30),
 (517, 104, 19, 24),
 (518, 104, 20, 50),
 (519, 104, 25, 15),
 (520, 105, 2, 12),
 (521, 105, 4, 12),
 (522, 105, 10, 36),
 (523, 105, 16, 28),
 (524, 105, 21, 12),
 (525, 105, 24, 10),
 (526, 105, 28, 24),
 (527, 106, 11, 12), 
 (528, 107, 1, 12),
 (529, 107, 2, 20),
 (530, 107, 14, 3),
 (531, 107, 21, 12),
 (532, 107, 25, 18),
 (533, 107, 29, 4),
 (534, 108, 15, 50),
 (535, 108, 24, 25),
 (536, 108, 30, 30),
 (537, 109, 5, 20),
 (538, 109, 7, 6), 
 (539, 109, 13, 10),
 (540, 109, 21, 60), 
 (541, 110, 10, 30),
 (542, 110, 26, 16),
 (543, 110, 28, 3),
 (544, 111, 13, 7),
 (545, 111, 20, 21),
 (546, 111, 24, 10),
 (547, 111, 25, 5),
 (548, 111, 29, 36),
 (549, 112, 4, 50),
 (550, 112, 7, 50),
 (551, 112, 8, 10),
 (552, 112, 16, 56),
 (553, 112, 19, 15),
 (554, 112, 23, 18),
 (555, 113, 7, 45),
 (556, 113, 13, 77),
 (557, 113, 24, 10),
 (558, 113, 28, 30),
 (559, 113, 29, 35),
 (560, 114, 2, 12),
 (561, 114, 21, 40),
 (562, 115, 10, 24),
 (563, 115, 18, 6),
 (564, 115, 20, 39),
 (565, 115, 25, 50),
 (566, 115, 28, 35),
 (567, 116, 9, 16),
 (568, 116, 16, 50),
 (569, 116, 27, 120),
 (570, 117, 18, 25),
 (571, 117, 29, 36),
 (572, 118, 11, 24),
 (573, 118, 19, 12),
 (574, 118, 26, 40),
 (575, 119, 12, 30),
 (576, 119, 24, 30),
 (577, 120, 10, 16),
 (578, 121, 21, 5),
 (579, 121, 23, 32),
 (580, 121, 24, 8),
 (581, 121, 28, 13),
 (582, 122, 16, 10),
 (583, 122, 29, 14),
 (584, 123, 1, 15),
 (585, 123, 8, 24),
 (586, 123, 17, 6),
 (587, 123, 30, 20),
 (588, 124, 11, 20),
 (589, 124, 16, 3),
 (590, 124, 17, 25),
 (591, 124, 20, 15),
 (592, 124, 26, 5),
 (593, 125, 10, 2),
 (594, 125, 20, 12),
 (595, 125, 23, 5),
 (596, 125, 30, 10),
 (597, 126, 8, 16),
 (598, 126, 14, 30),
 (599, 126, 26, 12),
 (600, 127, 1, 8),
 (601, 127, 10, 2),
 (602, 127, 13, 10),
 (603, 127, 19, 7),
 (604, 127, 28, 20),
 (605, 128, 4, 50),
 (606, 128, 10, 15),
 (607, 128, 14, 15),
 (608, 128, 26, 30),
 (609, 129, 8, 20),
 (610, 129, 11, 3),
 (611, 129, 12, 100),
 (612, 129, 20, 5),
 (613, 129, 21, 40),
 (614, 130, 2, 10),
 (615, 130, 7, 18),
 (616, 130, 8, 20),
 (617, 130, 12, 20),
 (618, 130, 13, 10),
 (619, 130, 24, 80),
 (620, 130, 27, 30),
 (621, 130, 28, 20),
 (622, 131, 6, 6),
 (623, 131, 16, 50),
 (624, 131, 17, 40),
 (625, 132, 19, 30),
 (626, 132, 21, 12),
 (627, 133, 7, 20),
 (628, 133, 13, 3),
 (629, 133, 25, 10),
 (630, 133, 30, 15),
 (631, 134, 4, 50),
 (632, 134, 7, 20),
 (633, 134, 13, 84),
 (634, 135, 5, 32),
 (635, 135, 16, 55),
 (636, 135, 18, 9),
 (637, 135, 24, 20),
 (638, 135, 29, 14),
 (639, 135, 30, 20),
 (640, 136, 10, 20),
 (641, 136, 11, 50),
 (642, 136, 13, 20),
 (643, 136, 16, 36),
 (644, 136, 18, 8),
 (645, 137, 11, 30),
 (646, 137, 12, 15),
 (647, 137, 17, 30),
 (648, 137, 20, 15),
 (649, 137, 22, 52),
 (650, 137, 26, 15),
 (651, 138, 7, 60),
 (652, 138, 9, 50),
 (653, 138, 13, 6),
 (654, 138, 29, 10),
 (655, 139, 1, 4),
 (656, 139, 7, 60),
 (657, 139, 10, 18),
 (658, 139, 18, 25),
 (659, 139, 24, 15),
 (660, 139, 28, 60),
 (661, 140, 1, 35),
 (662, 140, 6, 40),
 (663, 140, 11, 15),
 (664, 140, 13, 8),
 (665, 140, 21, 15),
 (666, 140, 24, 15),
 (667, 140, 28, 6),
 (668, 141, 3, 60),
 (669, 141, 21, 65),
 (670, 141, 25, 6),
 (671, 141, 26, 40),
 (672, 142, 1, 30),
 (673, 142, 2, 50),
 (674, 142, 10, 16),
 (675, 142, 24, 35),
 (676, 142, 29, 40),
 (677, 143, 11, 15),
 (678, 144, 9, 6),
 (679, 144, 12, 30),
 (680, 144, 13, 18),
 (681, 144, 23, 70),
 (682, 144, 29, 50),
 (683, 145, 7, 90),
 (684, 145, 22, 35),
 (685, 145, 28, 7),
 (686, 146, 2, 25),
 (687, 146, 8, 10),
 (688, 146, 11, 10),
 (689, 146, 12, 4),
 (690, 146, 14, 42),
 (691, 146, 23, 70),
 (692, 146, 24, 20),
 (693, 146, 25, 7),
 (694, 146, 26, 70),
 (695, 147, 4, 21),
 (696, 147, 7, 10),
 (697, 147, 13, 10),
 (698, 147, 17, 20),
 (699, 148, 1, 80),
 (700, 148, 19, 12),
 (701, 149, 5, 30),
 (702, 149, 9, 3),
 (703, 149, 11, 15),
 (704, 149, 17, 8),
 (705, 149, 23, 40),
 (706, 149, 24, 12),
 (707, 149, 29, 12),
 (708, 150, 3, 49),
 (709, 150, 21, 10),
 (710, 150, 26, 18);


